{"cameraMode":{"drawMode":0,"name":"Shaded","section":"Shading Mode"},"sceneLighting":false,"audioPlay":false,"sceneViewState":{"showFog":false,"showMaterialUpdate":false,"showSkybox":false,"showFlares":false,"showImageEffects":false,"showParticleSystems":true},"in2DMode":false,"pivot":{"x":-0.22221755981445313,"y":-0.03922080993652344,"z":15.136665344238282},"rotation":{"x":-0.05217378959059715,"y":0.9412338137626648,"z":-0.17157703638076783,"w":-0.2862136662006378},"size":39.22441864013672,"orthographic":false}