{"cameraMode":{"drawMode":0,"name":"Shaded","section":"Shading Mode"},"sceneLighting":true,"audioPlay":false,"sceneViewState":{"showFog":false,"showMaterialUpdate":false,"showSkybox":false,"showFlares":false,"showImageEffects":false,"showParticleSystems":true},"in2DMode":false,"pivot":{"x":61.62447738647461,"y":1.5608634948730469,"z":26.30933380126953},"rotation":{"x":0.04817584529519081,"y":-0.16848988831043244,"z":0.008265089243650437,"w":0.9845091104507446},"size":2.862001895904541,"orthographic":false}