{"cameraMode":{"drawMode":0,"name":"Shaded","section":"Shading Mode"},"sceneLighting":false,"audioPlay":false,"sceneViewState":{"showFog":false,"showMaterialUpdate":false,"showSkybox":false,"showFlares":false,"showImageEffects":false,"showParticleSystems":true},"in2DMode":false,"pivot":{"x":-1.5790643692016602,"y":4.908334255218506,"z":15.914510726928711},"rotation":{"x":0.031543947756290439,"y":-0.7661358714103699,"z":-0.037721212953329089,"w":-0.6408416628837586},"size":8.493841171264649,"orthographic":false}