{"cameraMode":{"drawMode":0,"name":"Shaded","section":"Shading Mode"},"sceneLighting":true,"audioPlay":false,"sceneViewState":{"showFog":false,"showMaterialUpdate":false,"showSkybox":false,"showFlares":false,"showImageEffects":false,"showParticleSystems":true},"in2DMode":false,"pivot":{"x":88.0550765991211,"y":20.887893676757814,"z":132.703369140625},"rotation":{"x":0.06309526413679123,"y":-0.38344940543174746,"z":0.026268675923347474,"w":0.9210323691368103},"size":5.120645999908447,"orthographic":false}