{"cameraMode":{"drawMode":0,"name":"Shaded","section":"Shading Mode"},"sceneLighting":true,"audioPlay":false,"sceneViewState":{"showFog":false,"showMaterialUpdate":false,"showSkybox":false,"showFlares":false,"showImageEffects":false,"showParticleSystems":true},"in2DMode":false,"pivot":{"x":0.323777437210083,"y":5.795961380004883,"z":1.1778597831726075},"rotation":{"x":-0.08780591189861298,"y":0.14056861400604249,"z":-0.01251550205051899,"w":-0.9860967397689819},"size":9.797063827514649,"orthographic":false}