{"cameraMode":{"drawMode":0,"name":"Shaded","section":"Shading Mode"},"sceneLighting":true,"audioPlay":false,"sceneViewState":{"showFog":false,"showMaterialUpdate":false,"showSkybox":false,"showFlares":false,"showImageEffects":false,"showParticleSystems":true},"in2DMode":false,"pivot":{"x":0.17295736074447633,"y":0.23552650213241578,"z":28.475767135620118},"rotation":{"x":-0.08780591189861298,"y":0.14056861400604249,"z":-0.01251550205051899,"w":-0.9860967397689819},"size":8.788622856140137,"orthographic":false}