{"cameraMode":{"drawMode":0,"name":"Shaded","section":"Shading Mode"},"sceneLighting":true,"audioPlay":false,"sceneViewState":{"showFog":false,"showMaterialUpdate":false,"showSkybox":false,"showFlares":false,"showImageEffects":false,"showParticleSystems":true},"in2DMode":false,"pivot":{"x":0.056216008961200717,"y":2.394528865814209,"z":12.835299491882325},"rotation":{"x":-0.018080882728099824,"y":-0.7491819858551025,"z":0.02046315371990204,"w":-0.6618438363075256},"size":22.0,"orthographic":false}