{"cameraMode":{"drawMode":0,"name":"Shaded","section":"Shading Mode"},"sceneLighting":true,"audioPlay":false,"sceneViewState":{"showFog":false,"showMaterialUpdate":false,"showSkybox":false,"showFlares":false,"showImageEffects":false,"showParticleSystems":true},"in2DMode":false,"pivot":{"x":0.3360879719257355,"y":-0.07066048681735993,"z":21.343029022216798},"rotation":{"x":0.13547998666763307,"y":-0.5577055215835571,"z":0.09286586940288544,"w":0.8136268854141235},"size":27.41600227355957,"orthographic":false}