{"cameraMode":{"drawMode":0,"name":"Shaded","section":"Shading Mode"},"sceneLighting":true,"audioPlay":false,"sceneViewState":{"showFog":false,"showMaterialUpdate":false,"showSkybox":false,"showFlares":false,"showImageEffects":false,"showParticleSystems":true},"in2DMode":false,"pivot":{"x":25.887165069580079,"y":11.502124786376954,"z":45.19026184082031},"rotation":{"x":-0.027524434030056,"y":-0.258809357881546,"z":-0.0073780762031674389,"w":0.965508222579956},"size":40.399574279785159,"orthographic":false}