{"cameraMode":{"drawMode":0,"name":"Shaded","section":"Shading Mode"},"sceneLighting":false,"audioPlay":false,"sceneViewState":{"showFog":false,"showMaterialUpdate":false,"showSkybox":false,"showFlares":false,"showImageEffects":false,"showParticleSystems":true},"in2DMode":false,"pivot":{"x":1.7313282489776612,"y":0.13872069120407105,"z":3.7144241333007814},"rotation":{"x":0.18289408087730409,"y":0.3240232765674591,"z":-0.06399691849946976,"w":0.9259995818138123},"size":4.907610893249512,"orthographic":false}