{"cameraMode":{"drawMode":0,"name":"Shaded","section":"Shading Mode"},"sceneLighting":false,"audioPlay":false,"sceneViewState":{"showFog":false,"showMaterialUpdate":false,"showSkybox":false,"showFlares":false,"showImageEffects":false,"showParticleSystems":true},"in2DMode":false,"pivot":{"x":13.689702987670899,"y":-2.280567169189453,"z":17.118412017822267},"rotation":{"x":-0.04336339980363846,"y":0.9521169066429138,"z":-0.2561500668525696,"w":-0.16118277609348298},"size":39.22441864013672,"orthographic":false}