{"cameraMode":{"drawMode":0,"name":"Shaded","section":"Shading Mode"},"sceneLighting":false,"audioPlay":false,"sceneViewState":{"showFog":false,"showMaterialUpdate":false,"showSkybox":false,"showFlares":false,"showImageEffects":false,"showParticleSystems":true},"in2DMode":false,"pivot":{"x":1.9069619178771973,"y":4.615485191345215,"z":17.967069625854493},"rotation":{"x":-0.08780591189861298,"y":0.14056861400604249,"z":-0.01251550205051899,"w":-0.9860967397689819},"size":9.3715181350708,"orthographic":false}