{"cameraMode":{"drawMode":0,"name":"Shaded","section":"Shading Mode"},"sceneLighting":false,"audioPlay":false,"sceneViewState":{"showFog":false,"showMaterialUpdate":false,"showSkybox":false,"showFlares":false,"showImageEffects":false,"showParticleSystems":true},"in2DMode":false,"pivot":{"x":-2.0423262119293215,"y":1.4700000286102296,"z":4.800000190734863},"rotation":{"x":0.05246700718998909,"y":0.01857498101890087,"z":-0.0009766471339389682,"w":0.9984546303749085},"size":5.056421279907227,"orthographic":false}