{"cameraMode":{"drawMode":0,"name":"Shaded","section":"Shading Mode"},"sceneLighting":true,"audioPlay":false,"sceneViewState":{"showFog":false,"showMaterialUpdate":false,"showSkybox":false,"showFlares":false,"showImageEffects":false,"showParticleSystems":true},"in2DMode":false,"pivot":{"x":16.70367431640625,"y":28.636926651000978,"z":133.94497680664063},"rotation":{"x":-0.06201142817735672,"y":0.41092419624328616,"z":0.028026314452290536,"w":0.9091603755950928},"size":94.07894134521485,"orthographic":false}