{"cameraMode":{"drawMode":0,"name":"Shaded","section":"Shading Mode"},"sceneLighting":true,"audioPlay":false,"sceneViewState":{"showFog":false,"showMaterialUpdate":false,"showSkybox":false,"showFlares":false,"showImageEffects":false,"showParticleSystems":true},"in2DMode":false,"pivot":{"x":3.103187084197998,"y":8.135866165161133,"z":2.235321044921875},"rotation":{"x":-0.08780591189861298,"y":0.14056861400604249,"z":-0.01251550205051899,"w":-0.9860967397689819},"size":31.54922103881836,"orthographic":false}