{"cameraMode":{"drawMode":0,"name":"Shaded","section":"Shading Mode"},"sceneLighting":true,"audioPlay":false,"sceneViewState":{"showFog":false,"showMaterialUpdate":false,"showSkybox":false,"showFlares":false,"showImageEffects":false,"showParticleSystems":true},"in2DMode":false,"pivot":{"x":0.8957685232162476,"y":0.6857850551605225,"z":19.855209350585939},"rotation":{"x":-0.08780591189861298,"y":0.14056861400604249,"z":-0.01251550205051899,"w":-0.9860967397689819},"size":5.524644374847412,"orthographic":false}