{"cameraMode":{"drawMode":0,"name":"Shaded","section":"Shading Mode"},"sceneLighting":true,"audioPlay":false,"sceneViewState":{"showFog":false,"showMaterialUpdate":false,"showSkybox":false,"showFlares":false,"showImageEffects":false,"showParticleSystems":true},"in2DMode":false,"pivot":{"x":-14.132023811340332,"y":1.967044472694397,"z":2969.787353515625},"rotation":{"x":0.01032198965549469,"y":0.5737394690513611,"z":0.0072283633053302769,"w":-0.8189885020256043},"size":20.713668823242189,"orthographic":false}