{"cameraMode":{"drawMode":0,"name":"Shaded","section":"Shading Mode"},"sceneLighting":true,"audioPlay":false,"sceneViewState":{"showFog":false,"showMaterialUpdate":false,"showSkybox":false,"showFlares":false,"showImageEffects":false,"showParticleSystems":true},"in2DMode":false,"pivot":{"x":-23.876638412475587,"y":-2.2872185707092287,"z":5.640329360961914},"rotation":{"x":0.07129956036806107,"y":-0.569394588470459,"z":0.049662310630083087,"w":0.8174644708633423},"size":121.15837097167969,"orthographic":false}